https://www.ncbi.nlm.nih.gov/geo/download/?acc=GSE77772&format=file&file=GSE77772%5FMCF10A%5FH3K27ME3%5FlogFE%2Ebw,MCF10A,H3K27me3
https://www.ncbi.nlm.nih.gov/geo/download/?acc=GSE77772&format=file&file=GSE77772%5FMCF10A%5FH3K4ME3%5FlogFE%2Ebw,MCF10A,H3K4me3
https://www.ncbi.nlm.nih.gov/geo/download/?acc=GSE77772&format=file&file=GSE77772%5FMCF7%5FH3K27ME3%5FlogFE%2Ebw,MCF7,H3K27me3
https://www.ncbi.nlm.nih.gov/geo/download/?acc=GSE77772&format=file&file=GSE77772%5FMCF7%5FH3K4ME3%5FlogFE%2Ebw,MCF7,H3K4me3
https://www.ncbi.nlm.nih.gov/geo/download/?acc=GSE77772&format=file&file=GSE77772%5FMDA231%5FH3K27ME3%5FlogFE%2Ebw,MDA231,H3K27me3
https://www.ncbi.nlm.nih.gov/geo/download/?acc=GSE77772&format=file&file=GSE77772%5FMDA231%5FH3K4ME3%5FlogFE%2Ebw,MDA231,H3K4me3
https://www.ncbi.nlm.nih.gov/geo/download/?acc=GSE69377&format=file&file=GSE69377%5FMCF10A%5FH3K4AC%5FlogFE%2Ebw,MCF10A,H3K4ac
https://www.ncbi.nlm.nih.gov/geo/download/?acc=GSE69377&format=file&file=GSE69377%5FMCF10A%5FH3K4ME3%5FlogFE%2Ebw,MCF10A,H3K4me3
https://www.ncbi.nlm.nih.gov/geo/download/?acc=GSE69377&format=file&file=GSE69377%5FMCF7%5FH3K4AC%5FlogFE%2Ebw,MCF7,H3K4ac
https://www.ncbi.nlm.nih.gov/geo/download/?acc=GSE69377&format=file&file=GSE69377%5FMCF7%5FH3K4ME3%5FlogFE%2Ebw,MCF7,H3K4me3
https://www.ncbi.nlm.nih.gov/geo/download/?acc=GSE69377&format=file&file=GSE69377%5FMDA231%5FH3K4AC%5FlogFE%2Ebw,MDA231,H3K4ac
https://www.ncbi.nlm.nih.gov/geo/download/?acc=GSE69377&format=file&file=GSE69377%5FMDA231%5FH3K4ME3%5FlogFE%2Ebw,MDA231,H3K4me3
